problem_id,task_id,problem_label,problem_complexity,ast_depth,branch_count,loop_count,function_count,control_flow_ratio,functional_pass_rate,ssi,pssi,sds,structural_variance
humaneval_000,HumanEval/0,HE-0,14.523670413333333,10.293333333333333,1.84,1.32,1.0,0.07033708000000001,1.0,0.7957582792174407,0.5784927523797573,0.4909190511701736,0.07062510273045376
humaneval_001,HumanEval/1,HE-1,16.320545346666666,10.426666666666666,3.8133333333333335,1.0266666666666666,1.0,0.05387868,1.0,0.7372973672592931,0.6890887316122777,0.6219051046641699,0.09933476328652784
humaneval_002,HumanEval/2,HE-2,8.794572026666666,6.8933333333333335,0.8,0.04,1.0,0.06123869333333334,1.0,0.8176306665037875,0.6351918636452257,0.5852745901042113,0.09711168592750774
humaneval_003,HumanEval/3,HE-3,10.614566400000001,7.28,1.24,1.0,1.0,0.0945664,1.0,0.8456200295503072,0.3968523166713291,0.379903476586627,0.10417704662794512
humaneval_004,HumanEval/4,HE-4,12.090181826666667,9.16,1.2266666666666666,0.6666666666666666,1.0,0.036848493333333336,1.0,0.8153536687569399,1.284401830778375,0.9416873419938178,0.20332221738282866
humaneval_005,HumanEval/5,HE-5,12.601008106666667,8.773333333333333,1.88,0.8933333333333333,1.0,0.05434144,1.0,0.7952345484379281,0.4529647233622896,0.40814535889143766,0.05422848704184854
humaneval_006,HumanEval/6,HE-6,16.323358946666666,9.44,3.8133333333333335,1.8666666666666667,1.1333333333333333,0.07002561333333333,1.0,0.890108231254659,0.7164741927737577,0.5999593849335427,0.1441226098405868
humaneval_007,HumanEval/7,HE-7,10.751976586666666,8.333333333333334,1.0266666666666666,0.3466666666666667,1.0,0.045309920000000004,1.0,0.8505912936735531,0.9012400403910164,0.7418418112276431,0.15110318072627787
humaneval_008,HumanEval/8,HE-8,9.451204453333332,7.2,0.38666666666666666,0.8266666666666667,1.0,0.03787112,1.0,0.8796482638475053,0.655974610861995,0.5500932322973473,0.07666170730933701
humaneval_009,HumanEval/9,HE-9,11.884578066666666,8.04,1.76,1.0266666666666666,1.0,0.057911399999999995,1.0,0.8824378101194268,0.4037824973083322,0.3278309312187137,0.04756003249181167
humaneval_010,HumanEval/10,HE-10,15.866171533333333,10.32,2.28,1.2,2.0,0.06617153333333334,0.9733333333333334,0.8038401916615443,0.4360200204037457,0.4213627897385969,0.04670436683818646
humaneval_011,HumanEval/11,HE-11,12.82740884,9.053333333333333,1.88,0.84,1.0,0.05407550666666667,1.0,0.8379770751991578,0.8718524133510678,0.6455578156477851,0.12865889988201207
humaneval_012,HumanEval/12,HE-12,12.001979053333333,8.493333333333334,1.76,0.68,1.0,0.06864572000000001,1.0,0.8400762805490838,0.9422280836068597,0.7471385502256215,0.15329860354697297
humaneval_013,HumanEval/13,HE-13,10.596768480000001,7.8,0.7866666666666666,0.96,1.0,0.050101813333333335,1.0,0.8139672806243907,0.7296783439101118,0.6338775926052582,0.1306172780425814
humaneval_014,HumanEval/14,HE-14,11.101969506666668,9.373333333333333,0.29333333333333333,0.4,1.0,0.03530284,1.0,0.8646156078649138,0.7852823327589588,0.6613569385674362,0.09749572938342532
humaneval_015,HumanEval/15,HE-15,11.22049104,9.466666666666667,0.56,0.14666666666666667,1.0,0.04715770666666667,1.0,0.8869431543699892,0.6177185391257188,0.45858922409859293,0.0722234412473335
humaneval_016,HumanEval/16,HE-16,10.667727186666667,8.733333333333333,0.64,0.24,1.0,0.05439385333333334,1.0,0.846255433612171,0.6477986200332643,0.5036127509297303,0.08376024081139359
humaneval_017,HumanEval/17,HE-17,15.988753826666668,10.973333333333333,3.2,0.7733333333333333,1.0,0.042087160000000005,0.9866666666666667,0.6579584221366966,1.2194368573275833,1.2654007276433568,0.5004026047848806
humaneval_018,HumanEval/18,HE-18,13.566097093333333,8.92,2.44,1.1333333333333333,1.0,0.07276376,1.0,0.7863792103124141,0.9991476881450797,0.7857163352288404,0.19062048684173616
humaneval_019,HumanEval/19,HE-19,12.107013546666668,9.613333333333333,1.12,0.3466666666666667,1.0,0.027013546666666666,1.0,0.7762831458826249,0.6264986410794121,0.5746105634845319,0.12316580592188493
humaneval_020,HumanEval/20,HE-20,13.686950933333334,9.493333333333334,2.0,1.16,1.0,0.033617600000000004,1.0,0.7902633895661348,0.5539292890441756,0.4641866452490295,0.06480213046896417
humaneval_021,HumanEval/21,HE-21,11.040436506666667,8.08,1.7066666666666668,0.21333333333333335,1.0,0.04043650666666667,1.0,0.8642217640131427,0.49485753856984865,0.38212159798656,0.11007600345165365
humaneval_022,HumanEval/22,HE-22,11.207692573333334,9.24,0.5466666666666666,0.38666666666666666,1.0,0.03435924,1.0,0.8711202884653708,0.7241275862703721,0.5539483533226985,0.08722683059067617
humaneval_023,HumanEval/23,HE-23,8.25708064,6.293333333333333,0.25333333333333335,0.64,1.0,0.07041397333333334,1.0,0.8515571653596924,0.6541837460977512,0.5677122542330366,0.08370783810791127
humaneval_024,HumanEval/24,HE-24,12.889626466666668,8.4,2.36,1.04,1.0,0.08962646666666667,0.96,0.7855651623040685,0.5472960100509741,0.4704194657275045,0.07389653201251972
humaneval_025,HumanEval/25,HE-25,15.292486466666666,9.44,2.52,2.28,1.0,0.05248646666666667,1.0,0.8414295328021126,0.2725438497850013,0.26506378679200543,0.034339750751292496
humaneval_026,HumanEval/26,HE-26,11.151300693333333,9.0,0.5733333333333334,0.5466666666666666,1.0,0.03130069333333333,1.0,0.8924569954218065,1.1168338907205928,0.8716555935014615,0.18507872996941352
humaneval_027,HumanEval/27,HE-27,11.291344027027026,8.783783783783784,1.054054054054054,0.3918918918918919,1.0,0.0616142972972973,1.0,0.8662071370271404,1.9270445516569101,1.4535710756052314,0.45567530338489526
humaneval_028,HumanEval/28,HE-28,8.811792573333333,7.2,0.24,0.32,1.0,0.051792573333333335,1.0,0.8644767910639473,0.78508869199653,0.64011443372537,0.11179093643770528
humaneval_029,HumanEval/29,HE-29,11.616773413333334,9.08,1.1733333333333333,0.32,1.0,0.04344008,1.0,0.8286649806524113,0.8248918283367747,0.7199526282618155,0.15163512141674293
humaneval_030,HumanEval/30,HE-30,11.447394106666668,8.88,1.1733333333333333,0.3333333333333333,1.0,0.06072744,1.0,0.8307924836648842,1.2020657739120308,0.9739549066286282,0.34550278677628593
humaneval_031,HumanEval/31,HE-31,15.898021586666667,9.266666666666667,4.493333333333333,1.0133333333333334,1.0,0.12468825333333333,1.0,0.845262927709673,0.6208543416134047,0.49357569065882684,0.0877084648464843
humaneval_032,HumanEval/32,HE-32,27.28781246666667,10.853333333333333,9.88,3.8533333333333335,2.6533333333333333,0.04781246666666667,0.6666666666666666,0.4931669305872089,1.789566030122555,1.764554413720462,1.2401991439729227
humaneval_033,HumanEval/33,HE-33,11.89296768,9.24,0.6266666666666667,1.0,1.0,0.02630101333333333,1.0,0.8158075757166399,0.246895729517871,0.2869443334938732,0.026215592103400867
humaneval_034,HumanEval/34,HE-34,11.037551506666667,8.453333333333333,1.08,0.44,1.0,0.06421817333333334,1.0,0.8185457563045688,0.98551527956809,0.8001324413090689,0.20409888809484236
humaneval_035,HumanEval/35,HE-35,11.038078546666668,7.173333333333333,2.0933333333333333,0.68,1.0,0.09141188000000001,1.0,0.8031975012459426,0.9751035638353261,0.8006454195331169,0.15065097785395326
humaneval_036,HumanEval/36,HE-36,14.487844959999999,9.986666666666666,1.9866666666666666,1.3466666666666667,1.1066666666666667,0.06117829333333334,1.0,0.7794533524963104,0.7221173676063035,0.6725856983176284,0.26333390737646584
humaneval_037,HumanEval/37,HE-37,12.160580906666667,9.506666666666666,0.6,1.0266666666666666,1.0,0.027247573333333334,1.0,0.8376954363443573,0.3609511712530866,0.32035899579942795,0.036249452403484865
humaneval_038,HumanEval/38,HE-38,15.435625706666666,10.986666666666666,2.1733333333333333,0.32,1.9333333333333333,0.022292373333333334,0.92,0.8055296465607491,0.6418938671122233,0.6070636432807688,0.1512672531845818
humaneval_039,HumanEval/39,HE-39,20.308832373333335,9.24,6.346666666666667,2.3866666666666667,2.24,0.09549904000000001,0.8666666666666667,0.7057066016109398,1.550401702036946,1.3256280064762074,0.6194151980875461
humaneval_040,HumanEval/40,HE-40,17.692172773333333,10.946666666666667,2.9066666666666667,2.7733333333333334,1.0,0.06550610666666666,1.0,0.8714983185775637,0.787161194319873,0.6031171292783424,0.0967511292754971
humaneval_041,HumanEval/41,HE-41,8.5499438,6.628571428571429,0.7142857142857143,0.12857142857142856,1.0,0.07851522857142856,1.0,0.8054125239791957,0.6154277057891911,0.5631774619640947,0.10725799810056767
humaneval_042,HumanEval/42,HE-42,9.585613706666667,7.786666666666667,0.48,0.26666666666666666,1.0,0.05228037333333334,1.0,0.8035029180982715,0.965738581571936,0.8383582603701155,0.2486270631497374
humaneval_043,HumanEval/43,HE-43,12.759547226666667,8.666666666666666,1.72,1.28,1.0,0.09288056,1.0,0.8104590643629976,0.6326720890019403,0.5818352130099765,0.13101761794889044
humaneval_044,HumanEval/44,HE-44,13.199767773333333,8.773333333333333,2.3466666666666667,1.0133333333333334,1.0,0.06643444,1.0,0.8805963911128244,0.5157260453742247,0.3920637215021901,0.04605902671023184
humaneval_045,HumanEval/45,HE-45,9.21863424,7.493333333333333,0.6666666666666666,0.0,1.0,0.05863424,1.0,0.8654476836058118,0.3266507323139842,0.2956964309382192,0.0402721002509094
humaneval_046,HumanEval/46,HE-46,15.933561386666668,9.52,4.1866666666666665,1.1466666666666667,1.0,0.08022805333333333,1.0,0.8048279564059222,0.9173849443302696,0.7654756415128529,0.1503550258304457
humaneval_047,HumanEval/47,HE-47,12.650180319999999,9.373333333333333,1.9866666666666666,0.16,1.08,0.05018032,0.9866666666666667,0.8449446699257231,1.497859344119721,0.9639425017558253,0.3854380828831321
humaneval_048,HumanEval/48,HE-48,10.673500599999999,8.16,1.0,0.4533333333333333,1.0,0.06016726666666667,1.0,0.8465754149798486,1.013879783828417,0.7714864292256581,0.14423519525992096
humaneval_049,HumanEval/49,HE-49,10.77922456,7.653333333333333,1.56,0.44,1.0666666666666667,0.05922456,1.0,0.7180992490102732,1.3031017249579604,1.078715826840184,0.32745148512500327
humaneval_050,HumanEval/50,HE-50,15.958629546666668,12.933333333333334,0.5466666666666666,0.4533333333333333,2.0,0.025296213333333335,1.0,0.8439774722011931,0.5595538707246316,0.5230135405593359,0.1337894906545671
humaneval_051,HumanEval/51,HE-51,10.23265536,8.333333333333334,0.5866666666666667,0.25333333333333335,1.0,0.059322026666666666,1.0,0.8244542403740229,1.0468349056774213,0.7915902959241284,0.17477195139795265
humaneval_052,HumanEval/52,HE-52,10.026048226666667,7.733333333333333,0.7466666666666667,0.4666666666666667,1.0,0.07938156,1.0,0.7707105302311618,1.912032807371155,1.6176090530451106,0.6200072475718348
humaneval_053,HumanEval/53,HE-53,8.1471424,6.546666666666667,0.52,0.02666666666666667,1.0,0.05380906666666667,1.0,0.8488614184808827,0.4501697454736426,0.351746570390117,0.074380577417455
humaneval_054,HumanEval/54,HE-54,8.86859036,7.32,0.3466666666666667,0.13333333333333333,1.0266666666666666,0.04192369333333334,0.6533333333333333,0.782566616425805,0.7067914235210119,0.5996565833989287,0.16132873610707685
humaneval_055,HumanEval/55,HE-55,13.29009324,8.506666666666666,2.7066666666666666,0.7466666666666667,1.24,0.09009324,1.0,0.763137123160523,1.0811676884167138,0.830278797788857,0.1982677879035556
humaneval_056,HumanEval/56,HE-56,13.683458799999999,8.226666666666667,3.2533333333333334,1.0933333333333333,1.0,0.11012546666666667,1.0,0.8232251633013987,0.4853604873936354,0.39830176634406794,0.05407846228562516
humaneval_057,HumanEval/57,HE-57,15.234274760000002,9.933333333333334,3.48,0.76,1.0,0.060941426666666666,1.0,0.7506857985150354,1.539940453344862,1.085578471581776,0.3717554337546544
humaneval_058,HumanEval/58,HE-58,11.026069906666667,8.76,0.8133333333333334,0.38666666666666666,1.0266666666666666,0.03940324,1.0,0.6984730532797475,0.7895533664921418,0.9198015856856324,0.30938125937949706
humaneval_059,HumanEval/59,HE-59,13.961604573333334,8.48,2.08,2.3333333333333335,1.0,0.06827124,0.6666666666666666,0.8823020008085862,0.226625463087882,0.21596401695279113,0.0291461282410195
humaneval_060,HumanEval/60,HE-60,10.052639094594593,7.878378378378378,0.8513513513513513,0.25675675675675674,1.0,0.06615260810810811,1.0,0.8769496379700723,0.544248051755751,0.4797636002051225,0.06239306605600147
humaneval_061,HumanEval/61,HE-61,13.828371373333333,8.266666666666667,3.28,1.1733333333333333,1.0,0.10837137333333334,1.0,0.7729590545292636,0.5980263598794321,0.5387148259533998,0.0844022231383546
humaneval_062,HumanEval/62,HE-62,10.929899653333333,8.84,0.76,0.28,1.0,0.049899653333333335,1.0,0.8383493980389868,0.9801964420123417,0.7254647101053577,0.12081017010123911
humaneval_063,HumanEval/63,HE-63,15.783521933333335,9.88,3.2933333333333334,1.0666666666666667,1.48,0.06352193333333334,1.0,0.7252166152846351,1.0433143563822929,1.1108462118388034,0.5401275163612856
humaneval_064,HumanEval/64,HE-64,16.1226348,10.106666666666667,3.453333333333333,1.0533333333333332,1.4666666666666666,0.0426348,0.9466666666666667,0.7165433991843965,2.560266284360751,1.9798000705464822,2.662867615461089
humaneval_065,HumanEval/65,HE-65,13.493164026666667,9.493333333333334,2.8666666666666667,0.08,1.0,0.05316402666666667,0.9733333333333334,0.7864785292587848,0.4796610528777408,0.44903140757123117,0.08305829774283548
humaneval_066,HumanEval/66,HE-66,12.271571786666668,9.28,1.1333333333333333,0.8,1.0,0.058238453333333336,1.0,0.8640422501202158,1.4169640914836983,1.1127830547391462,0.2795343699593014
humaneval_067,HumanEval/67,HE-67,11.044497293333334,8.506666666666666,1.3066666666666666,0.2,1.0,0.03116396,1.0,0.7451388439082912,0.970346387141919,0.8430625043241703,0.21422269694849697
humaneval_068,HumanEval/68,HE-68,14.714093839999999,9.453333333333333,3.2933333333333334,0.8933333333333333,1.0,0.07409384000000001,1.0,0.7567682765422378,0.8032245268223156,0.6922935141105983,0.11984440807264458
humaneval_069,HumanEval/69,HE-69,12.469468773333332,8.626666666666667,1.7466666666666666,1.04,1.0,0.056135439999999995,1.0,0.8267634250319114,0.7411119202586103,0.5461349203097688,0.08339267293148948
humaneval_070,HumanEval/70,HE-70,13.376304733333333,9.386666666666667,1.8,1.1466666666666667,1.0,0.0429714,1.0,0.7875203717662042,0.6283045748157305,0.5523664796890615,0.10481214558168954
humaneval_071,HumanEval/71,HE-71,13.556079453333334,10.386666666666667,2.1066666666666665,0.02666666666666667,1.0,0.03607945333333333,1.0,0.8794788042831938,0.36879282639277955,0.3051924927180321,0.04018500828732818
humaneval_072,HumanEval/72,HE-72,10.870185706666666,8.613333333333333,0.9466666666666667,0.25333333333333335,1.0,0.05685237333333333,1.0,0.8216949996183102,1.7145141816256422,1.3154751277329197,0.4253087366413622
humaneval_073,HumanEval/73,HE-73,14.002766066666666,9.973333333333333,1.64,1.2933333333333332,1.0533333333333332,0.042766066666666665,0.8933333333333333,0.779888086333157,1.0692638436659798,0.9383326581349275,0.469475488203051
humaneval_074,HumanEval/74,HE-74,10.954664253333334,8.213333333333333,1.4,0.14666666666666667,1.1466666666666667,0.04799758666666667,1.0,0.8143413742454083,0.9829056454266142,0.8783082376021326,0.24744765864629803
humaneval_075,HumanEval/75,HE-75,22.050382253333336,10.653333333333334,5.32,4.066666666666666,1.9066666666666667,0.10371558666666666,0.9866666666666667,0.7113832781800545,1.082217524533451,0.9313677870832683,0.2697523384991869
humaneval_076,HumanEval/76,HE-76,14.111514613333332,7.72,4.08,1.2,1.0,0.11151461333333333,0.9866666666666667,0.6933399793336718,1.1547996889459753,1.0014349034944852,0.3275762702645882
humaneval_077,HumanEval/77,HE-77,12.427816173333333,8.666666666666666,2.026666666666667,0.68,1.0,0.05448284,1.0,0.6972217504363816,0.894610774528874,0.8283516053507389,0.17014003842011163
humaneval_078,HumanEval/78,HE-78,11.340597946666668,8.226666666666667,1.2266666666666666,0.8266666666666667,1.0,0.06059794666666667,1.0,0.8007319280713049,1.2458753781664507,1.0211474293600733,0.24949145142445328
humaneval_079,HumanEval/79,HE-79,12.1704382,8.813333333333333,1.6266666666666667,0.6666666666666666,1.0,0.06377153333333334,1.0,0.821238215093701,0.7193638045926826,0.6036738602807936,0.09339621508908064
humaneval_080,HumanEval/80,HE-80,14.938485653333334,10.106666666666667,2.533333333333333,1.2266666666666666,1.0,0.07181898666666667,1.0,0.8905682184077679,0.7397685702326284,0.5350502635356479,0.1179826627736565
humaneval_081,HumanEval/81,HE-81,28.95351602666667,16.69333333333333,9.88,1.28,1.0266666666666666,0.07351602666666666,0.92,0.7435121852440921,2.6208056284719814,2.3115416840244927,1.7094547776477527
humaneval_082,HumanEval/82,HE-82,14.28835156,8.733333333333333,3.2933333333333334,1.12,1.0266666666666666,0.11501822666666667,1.0,0.7988336155666171,0.8358648472457183,0.7129428816093468,0.14530857234201458
humaneval_083,HumanEval/83,HE-83,10.991806773333332,8.146666666666667,1.7066666666666668,0.06666666666666667,1.0,0.07180677333333332,0.8933333333333333,0.6814799711759699,0.932476109438186,0.8209142338748792,0.17254180815449527
humaneval_084,HumanEval/84,HE-84,12.638531133333334,10.0,1.3066666666666666,0.29333333333333333,1.0,0.038531133333333335,0.8266666666666667,0.7701359237118697,1.1438236321271533,0.9163188877410177,0.24805584825727445
humaneval_085,HumanEval/85,HE-85,12.34846724,9.72,0.96,0.6266666666666667,1.0,0.041800573333333334,1.0,0.8562328446429722,1.016128137528981,0.7562940082615998,0.16534227471704677
humaneval_086,HumanEval/86,HE-86,11.718661133333333,9.093333333333334,0.72,0.8266666666666667,1.04,0.03866113333333333,1.0,0.7938457395614109,1.0075111082634052,0.792878983881033,0.20932482920251658
humaneval_087,HumanEval/87,HE-87,14.280940733333333,10.053333333333333,1.1333333333333333,2.0533333333333332,1.0,0.04094073333333333,1.0,0.8744343598510399,0.5210079602585921,0.4019303747685075,0.06021119023072444
humaneval_088,HumanEval/88,HE-88,11.26395456,8.053333333333333,2.1066666666666665,0.02666666666666667,1.0,0.07728789333333334,1.0,0.786408522225652,0.6990806299541678,0.5874645077339727,0.09507804092970669
humaneval_089,HumanEval/89,HE-89,16.533050066666664,12.493333333333334,2.026666666666667,0.88,1.0933333333333333,0.03971673333333334,1.0,0.7435194800423004,0.8330405866977767,0.9391780997166675,0.26789828995180637
humaneval_090,HumanEval/90,HE-90,13.890880133333333,8.533333333333333,3.533333333333333,0.7466666666666667,1.0,0.0775468,1.0,0.7811546929338962,1.3250452995454733,0.9591429623528965,0.1945569631649825
humaneval_091,HumanEval/91,HE-91,13.76786232,9.573333333333334,2.026666666666667,1.1066666666666667,1.0,0.06119565333333334,1.0,0.7765110864825784,1.1279444359487878,0.8434816708297773,0.20935957099642788
humaneval_092,HumanEval/92,HE-92,12.516052133333332,9.2,2.013333333333333,0.14666666666666667,1.1066666666666667,0.04938546666666667,0.92,0.7200874495719508,1.0728988439743183,0.8771695305657169,0.24583217501421908
humaneval_093,HumanEval/93,HE-93,16.872829466666666,11.48,3.08,1.12,1.1466666666666667,0.0461628,0.9066666666666666,0.5760098590768848,1.091244157673642,1.1077288831743888,0.3166069838585089
humaneval_094,HumanEval/94,HE-94,20.63684102666667,9.933333333333334,6.066666666666666,2.533333333333333,2.0,0.10350769333333333,1.0,0.7592944196267415,1.2279265642736243,0.9321877368370415,0.2802115520092717
humaneval_095,HumanEval/95,HE-95,15.443368880000001,9.48,4.08,0.8,1.0,0.08336887999999999,1.0,0.6834636221212861,1.8107894558350115,1.3523722019139326,0.46235469466968143
humaneval_096,HumanEval/96,HE-96,16.233841560000002,10.546666666666667,2.6533333333333333,1.6266666666666667,1.3333333333333333,0.07384156,1.0,0.7871904685761265,1.7535945226717284,1.3417872358119245,0.42725188825078514
humaneval_097,HumanEval/97,HE-97,9.020288106666667,7.8133333333333335,0.10666666666666667,0.06666666666666667,1.0,0.03362144,0.8,0.8797982670229121,0.568391922774653,0.5222567857638309,0.06422459322579437
humaneval_098,HumanEval/98,HE-98,11.79921624,8.76,1.12,0.8666666666666667,1.0,0.052549573333333335,1.0,0.7923018707650179,1.0746178993835453,0.7896406021224278,0.18382323977462708
humaneval_099,HumanEval/99,HE-99,13.671717733333335,9.186666666666667,3.2933333333333334,0.12,1.0,0.07171773333333333,1.0,0.7046955352077353,0.9258337250596419,0.9227282109755707,0.2323506111163116
humaneval_100,HumanEval/100,HE-100,10.614620239999999,8.08,0.7733333333333333,0.68,1.0266666666666666,0.054620239999999994,1.0,0.8333577487734726,0.662760256609542,0.5315407166625835,0.0962747939520555
humaneval_101,HumanEval/101,HE-101,10.8028602,8.746666666666666,0.9066666666666666,0.08,1.0,0.06952686666666667,0.7866666666666666,0.8066988710326056,0.8401477710818951,0.6291767197470558,0.1286370307359539
humaneval_102,HumanEval/102,HE-102,12.799674986666668,7.92,3.6133333333333333,0.14666666666666667,1.0,0.11967498666666666,1.0,0.8307619621478441,0.5727894686202761,0.5187521605779801,0.10261584951065263
humaneval_103,HumanEval/103,HE-103,11.017836613333333,8.36,1.56,0.04,1.0,0.057836613333333335,0.6,0.8129016244341173,0.4465668951829773,0.43459236945072693,0.05665826741531127
humaneval_104,HumanEval/104,HE-104,14.859519506666665,10.213333333333333,1.88,1.2266666666666666,1.4666666666666666,0.07285284,1.0,0.8085712202537446,1.685035071032092,1.2419792396430291,0.40173790606677945
humaneval_105,HumanEval/105,HE-105,10.113543946666667,8.44,0.44,0.21333333333333335,1.0,0.020210613333333332,1.0,0.8684323269790096,0.6797659655714418,0.5018937331896293,0.10694928239946931
humaneval_106,HumanEval/106,HE-106,14.478559066666667,9.96,1.6,1.7333333333333334,1.1333333333333333,0.0518924,0.6266666666666667,0.7765414860457718,1.492295302460689,1.0790781541410313,0.4207555112237315
humaneval_107,HumanEval/107,HE-107,13.818620440000002,9.133333333333333,2.2,0.9333333333333333,1.4933333333333334,0.058620439999999996,1.0,0.8406815592644002,0.980636286334732,0.8025280238966377,0.18686553424256255
humaneval_108,HumanEval/108,HE-108,16.951992173333334,10.24,3.2266666666666666,1.4933333333333334,1.9333333333333333,0.05865884,0.8533333333333334,0.6334357691214988,1.0848690412956612,1.0082662731030154,0.291282247706832
humaneval_109,HumanEval/109,HE-109,15.107341640000001,10.066666666666666,2.973333333333333,0.9866666666666667,1.0,0.08067497333333333,1.0,0.8052153845318653,0.6893343750835044,0.6483981035708132,0.13398954332399612
humaneval_110,HumanEval/110,HE-110,11.877612546666667,9.84,1.0,0.0,1.0,0.03761254666666666,1.0,0.891714217987779,0.3663553038716214,0.3030506501591345,0.023918696613786764
humaneval_111,HumanEval/111,HE-111,12.658572000000001,8.985714285714286,1.7857142857142858,0.8285714285714286,1.0,0.058572,1.0,0.884119820732192,0.5430649122656676,0.3777789919559796,0.06550246622526147
humaneval_112,HumanEval/112,HE-112,10.54470824,8.866666666666667,0.38666666666666666,0.26666666666666666,1.0,0.02470824,1.0,0.8709975266437807,0.695605950119818,0.5462101008246844,0.10547976153608574
humaneval_113,HumanEval/113,HE-113,14.348054893333334,11.72,0.4266666666666667,1.12,1.0533333333333332,0.028054893333333334,0.96,0.8124354641496582,0.626779473319305,0.5387301239253287,0.19838350474960262
humaneval_114,HumanEval/114,HE-114,11.667243560000001,7.786666666666667,1.8133333333333332,1.0133333333333334,1.0,0.05391022666666667,1.0,0.7425799144186426,0.6485640583601943,0.6113641904993636,0.0904754997204673
humaneval_115,HumanEval/115,HE-115,12.395496106666666,9.16,1.24,0.9466666666666667,1.0,0.04882944,0.92,0.8054299121447844,0.9205944099434378,0.7442499404992095,0.1323981625254309
humaneval_116,HumanEval/116,HE-116,13.41104032,11.586666666666666,0.4,0.08,1.3066666666666666,0.03770698666666667,0.92,0.803597377750854,0.9042346293444753,0.8818659933321064,0.31422655963121876
humaneval_117,HumanEval/117,HE-117,16.454539679999996,11.08,2.76,1.5466666666666666,1.0,0.06787301333333334,1.0,0.8682308464594991,1.1743411899902962,0.8812941606334325,0.1879714959150686
humaneval_118,HumanEval/118,HE-118,14.60143916,10.2,2.1733333333333333,1.12,1.0533333333333332,0.05477249333333333,1.0,0.7107669759122879,0.8548532828250731,0.7689696954563292,0.19968335412713656
humaneval_119,HumanEval/119,HE-119,15.443345293333332,8.573333333333334,3.546666666666667,1.1066666666666667,2.1333333333333333,0.08334529333333333,1.0,0.6744140797187953,1.0736273858080156,0.9727710156124317,0.2817254667132944
humaneval_120,HumanEval/120,HE-120,11.736740266666667,8.64,1.6533333333333333,0.3333333333333333,1.04,0.0700736,0.9866666666666667,0.7175288796071552,1.186769809874758,0.9503444250457392,0.306761225794422
humaneval_121,HumanEval/121,HE-121,12.454902946666666,9.786666666666667,1.0,0.6266666666666667,1.0,0.04156961333333333,1.0,0.8894543554829792,1.3447807869616952,0.962145603688579,0.21502327772139831
humaneval_122,HumanEval/122,HE-122,12.249916573333334,8.693333333333333,1.76,0.7466666666666667,1.0,0.04991657333333333,0.96,0.7531553555183931,0.9866759352536366,0.7817287190701522,0.15764592101890998
humaneval_123,HumanEval/123,HE-123,13.656796986666668,9.04,2.546666666666667,1.0133333333333334,1.0,0.05679698666666667,1.0,0.8313475991945046,0.38836501460609746,0.3550828330198512,0.028642572856060533
humaneval_124,HumanEval/124,HE-124,19.73276168,9.346666666666666,9.2,0.09333333333333334,1.0,0.09276168,1.0,0.7027543269112269,1.2674920170684973,0.9659460737477547,0.22351299453193896
humaneval_125,HumanEval/125,HE-125,17.64574284,12.2,3.6666666666666665,0.6933333333333334,1.0,0.08574284,1.0,0.7941219570373031,1.330451710103124,1.0571745126269125,0.2515600954558796
humaneval_126,HumanEval/126,HE-126,15.374691533333335,9.4,3.2,1.68,1.0,0.09469153333333334,0.8533333333333334,0.6360023683482293,1.3311102294137405,1.1060093163556366,0.3011926923354071
humaneval_127,HumanEval/127,HE-127,15.311424306666668,8.72,4.266666666666667,1.0533333333333332,1.1866666666666668,0.08475764000000001,0.64,0.741509975818341,1.0951242223851707,1.006287723973548,0.26712996680484663
humaneval_128,HumanEval/128,HE-128,14.108213266666665,8.493333333333334,3.533333333333333,1.0,1.0,0.0815466,1.0,0.7988972601180638,0.5596628886951377,0.4887525245638231,0.05748211047915036
humaneval_129,HumanEval/129,HE-129,27.668298146666668,12.76,4.84,8.52,1.5066666666666666,0.041631480000000005,0.88,0.345491894562902,2.136475757133721,2.1835063263233008,1.4089724900980445
humaneval_130,HumanEval/130,HE-130,18.012859693333333,11.506666666666666,4.1466666666666665,1.0266666666666666,1.28,0.05285969333333333,0.7333333333333333,0.5746720426741934,1.0156297499456988,1.1457715348785997,0.4143048905204694
humaneval_131,HumanEval/131,HE-131,12.976117519999999,8.546666666666667,2.4133333333333336,0.9466666666666667,1.0,0.06945085333333334,1.0,0.8171528527607159,0.8480988374757592,0.6608535083778792,0.14671918928100594
humaneval_132,HumanEval/132,HE-132,19.469337213333333,10.12,5.48,2.8,1.0,0.06933721333333333,0.5733333333333334,0.4719877959717678,1.1060134865460745,1.1539070572074064,0.36024216982827917
humaneval_133,HumanEval/133,HE-133,11.454313373333335,9.453333333333333,0.3333333333333333,0.6266666666666667,1.0,0.04098004,1.0,0.8091641574374262,0.9471174805474653,0.7842952022028543,0.14269634320624353
humaneval_134,HumanEval/134,HE-134,12.618963594594595,8.35135135135135,3.054054054054054,0.10810810810810811,1.0,0.10545008108108109,0.9594594594594594,0.7139104962676697,0.9548614403903727,0.8181111999523472,0.16794735050336781
humaneval_135,HumanEval/135,HE-135,12.838897013333334,9.053333333333333,1.6,1.12,1.0,0.06556368,1.0,0.8433501446412011,0.30193666081063963,0.2683515817782902,0.03466302038183566
humaneval_136,HumanEval/136,HE-136,13.918396360000001,8.92,3.4,0.5466666666666666,1.0,0.05172969333333333,1.0,0.7957152868685007,0.8570064302587245,0.7400030822655932,0.18728263169169965
humaneval_137,HumanEval/137,HE-137,17.157556613333334,10.013333333333334,4.866666666666666,0.17333333333333334,2.013333333333333,0.09088994666666667,1.0,0.7648540152074405,0.6949674675214763,0.6412661863558776,0.1706439376101395
humaneval_138,HumanEval/138,HE-138,10.370555706666668,7.666666666666667,1.4266666666666667,0.17333333333333334,1.0,0.10388904,1.0,0.7424464779990444,1.588721933537908,1.3333949693609461,0.5042701623538408
humaneval_139,HumanEval/139,HE-139,10.88014468,7.653333333333333,1.0133333333333334,1.1333333333333333,1.0133333333333334,0.06681134666666666,1.0,0.7725868364174209,0.6237667785846466,0.5572038172022569,0.1003950338754725
humaneval_140,HumanEval/140,HE-140,12.984330493333333,9.0,2.1333333333333333,0.7066666666666667,1.0933333333333333,0.05099716,0.8933333333333333,0.7101859531669075,1.6672424438955613,1.4310067558210495,0.49646489200571664
humaneval_141,HumanEval/141,HE-141,15.842808786666668,9.733333333333333,4.8933333333333335,0.10666666666666667,1.0,0.10947545333333333,1.0,0.7735816541464049,0.7046283766648062,0.5241957403756919,0.08166671960432194
humaneval_142,HumanEval/142,HE-142,13.865334706666665,9.453333333333333,2.3466666666666667,1.0133333333333334,1.0,0.05200137333333334,1.0,0.9358380063827243,0.3065345502615348,0.24870854488464514,0.0175715372601551
humaneval_143,HumanEval/143,HE-143,16.379630053333333,9.573333333333334,3.56,1.1466666666666667,2.0,0.09963005333333333,1.0,0.8778083535327769,0.8883096334440627,0.6707130733722929,0.11110255484501215
humaneval_144,HumanEval/144,HE-144,9.408599733333334,7.88,0.28,0.09333333333333334,1.1333333333333333,0.021933066666666667,1.0,0.7953416332983867,0.9302433226302457,0.7883919526310291,0.2340212456039132
humaneval_145,HumanEval/145,HE-145,13.516890813333333,10.56,0.5866666666666667,0.3333333333333333,2.0,0.036890813333333335,0.3333333333333333,0.724975108124655,0.734285151591986,0.6506940951568102,0.11235213786242464
humaneval_146,HumanEval/146,HE-146,14.841559386666667,9.72,2.493333333333333,1.2,1.3733333333333333,0.05489272,0.8,0.6306285635878154,1.0864458846979688,1.1969894873693672,0.48546710175271635
humaneval_147,HumanEval/147,HE-147,15.085020573333335,10.626666666666667,1.5733333333333333,1.48,1.3733333333333333,0.03168724,0.96,0.6964625388141675,1.0681118256624236,1.1758656620899286,0.46908601930766336
humaneval_148,HumanEval/148,HE-148,12.217961893333333,9.04,2.1333333333333333,0.0,1.0,0.04462856,1.0,0.8017547526422143,0.4375622901260943,0.43683312003223557,0.05138545197480093
humaneval_149,HumanEval/149,HE-149,11.326514533333333,10.0,0.30666666666666664,0.0,1.0,0.01984786666666667,1.0,0.9551672224987189,0.0537507770662753,0.05561612808565881,0.0026015780853767333
humaneval_150,HumanEval/150,HE-150,14.664725853333334,8.973333333333333,3.466666666666667,1.0266666666666666,1.08,0.11805918666666668,1.0,0.7977257048022265,0.9407861670945211,0.8247169251508826,0.18680993699869677
humaneval_151,HumanEval/151,HE-151,14.6820736,10.28,2.64,0.7066666666666667,1.0,0.05540693333333333,1.0,0.7379207121328969,1.6170680686408128,1.4763430389840113,0.5145366834243303
humaneval_152,HumanEval/152,HE-152,10.47978744,8.466666666666667,0.8133333333333334,0.16,1.0,0.03978744,1.0,0.8421514821563966,0.6666198867751402,0.49899899867345265,0.1005094230936893
humaneval_153,HumanEval/153,HE-153,14.756917559999998,11.013333333333334,1.5066666666666666,0.9466666666666667,1.2533333333333334,0.036917559999999995,1.0,0.7718933965735718,1.2719047686461602,1.009652985311189,0.2948108234456753
humaneval_154,HumanEval/154,HE-154,14.729355546666666,9.586666666666666,2.76,1.2933333333333332,1.0133333333333334,0.07602221333333334,0.88,0.7524635422447427,0.8703493643117027,0.7152392008544178,0.1588877028868738
humaneval_155,HumanEval/155,HE-155,12.208504733333333,8.813333333333333,1.48,0.8666666666666667,1.0,0.048504733333333334,1.0,0.7393062859831686,0.988010380021075,0.8502298316009034,0.20734312393042695
humaneval_156,HumanEval/156,HE-156,13.021484146666667,8.493333333333334,1.6133333333333333,1.88,1.0,0.034817480000000005,1.0,0.9044889122765307,0.47506169479576493,0.3772441617352292,0.04491373051442114
humaneval_157,HumanEval/157,HE-157,12.3116542,10.013333333333334,1.24,0.02666666666666667,1.0,0.0316542,1.0,0.8156893859217936,0.6140133805845615,0.5439050005218089,0.11543179145451249
humaneval_158,HumanEval/158,HE-158,14.602189613333334,10.16,2.52,0.6933333333333334,1.1733333333333333,0.05552294666666667,1.0,0.6578917049543617,1.559761895584338,1.238058585040771,0.3865312357530279
humaneval_159,HumanEval/159,HE-159,8.737461613333334,6.96,0.72,0.013333333333333334,1.0,0.04412828,1.0,0.8385914889785291,0.5956896689681365,0.5012106398636553,0.10224675364205553
humaneval_160,HumanEval/160,HE-160,18.326385253333335,11.386666666666667,3.973333333333333,1.76,1.16,0.046385253333333334,0.5733333333333334,0.700715484006676,0.980398906440004,1.1334373808157172,0.6271510904909723
humaneval_161,HumanEval/161,HE-161,15.21282176,10.426666666666666,3.066666666666667,0.6533333333333333,1.0,0.06615509333333333,1.0,0.7801479974683202,0.8763922034316717,0.7315418300851989,0.13763778866848322
humaneval_162,HumanEval/162,HE-162,12.508568306666666,9.813333333333333,1.6,0.0,1.0,0.09523497333333333,1.0,0.8331331964365648,0.44527397229734483,0.4032999077699671,0.05259475665742903
humaneval_163,HumanEval/163,HE-163,12.6652178,9.36,1.5866666666666667,0.68,1.0,0.038551133333333334,0.6266666666666667,0.7856717140423217,0.792764492416557,0.6602565620965483,0.11308524381377931
